CREATE DATABASE QUANLYBANHANG
USE QUANLYBANHANG
GO

CREATE TABLE KHACHHANG
(
	MAKH CHAR(4) PRIMARY KEY,
	HOTEN VARCHAR(40),
	DCHI VARCHAR(50),
	SODT VARCHAR(20),
	NGSINH SMALLDATETIME,
	DOANHSO MONEY,
	NGDK SMALLDATETIME
)

CREATE TABLE NHANVIEN
(
	MANV CHAR(4) PRIMARY KEY,
	HOTEN VARCHAR(40),
	SODT VARCHAR(40),
	NGVL SMALLDATETIME
)
CREATE TABLE SANPHAM
(
	MASP CHAR(4) PRIMARY KEY,
	TENSP VARCHAR(40),
	DVT VARCHAR(20),
	NUOCSX VARCHAR(40),
	GIA MONEY
)
CREATE TABLE HOADON
(
	SOHD INT PRIMARY KEY,
	NGHD SMALLDATETIME,
	MAKH CHAR(4) FOREIGN KEY REFERENCES KHACHHANG (MAKH),
	MANV CHAR(4) FOREIGN KEY REFERENCES NHANVIEN (MANV),
	TRIGIA MONEY
)
CREATE TABLE CTHD
(
	SOHD INT FOREIGN KEY REFERENCES HOADON (SOHD),
	MASP CHAR(4) FOREIGN KEY REFERENCES SANPHAM (MASP),
	SL INT,
	PRIMARY KEY (SOHD, MASP)
)
GO

/*NHAP DU LIEU NHANVIEN*/
INSERT INTO NHANVIEN VALUES ('NV01', 'Nguyen Nhu Nhut', '0927345678', '2006-04-13')
INSERT INTO NHANVIEN VALUES ('NV02', 'Le Thi Phi Yen', '0987567390', '2006-04-21')
INSERT INTO NHANVIEN VALUES ('NV03', 'Nguyen Van B', '0997047382', '2006-04-27')
INSERT INTO NHANVIEN VALUES ('NV04', 'Ngo Thanh Tuan', '0913758498','2006-06-24')
INSERT INTO NHANVIEN VALUES ('NV05', 'Nguyen Thi Truc Thanh','0918590387','2006-07-20')

/*NHAP DU LIEU KHACHHANG*/
INSERT INTO KHACHHANG VALUES ('KH01','Nguyen Van A','731 Tran Hung Dao, Q5, TpHCH','08823451','1960-10-22',13060000,'2006-07-22')
INSERT INTO KHACHHANG VALUES ('KH02','Tran Ngoc Han','23/5 Nguyen Trai, Q5, TpHCM',0908256478,'4/3/1974',280000,'7/30/2006')
INSERT INTO KHACHHANG VALUES ('KH03','Tran Ngoc Linh','45 Nguyen Canh Chan, Q1, TpHCM',0938776266,'6/12/1980',3860000,'8/5/2006')
INSERT INTO KHACHHANG VALUES ('KH04','Tran Minh Long','50/34 Le Dai Hanh, Q10, TpHCM',0917325476,'3/9/1965',250000,'10/2/2006')
INSERT INTO KHACHHANG VALUES ('KH05','Le Nhat Minh','34 Truong Dinh, Q3, TpHCM',08246108,'3/10/1950',21000,'10/28/2006')
INSERT INTO KHACHHANG VALUES ('KH06','Le Hoai Thuong','227 Nguyen Van Cu, Q5, TpHCM',08631738,'12/31/1981',915000,'11/24/2006')
INSERT INTO KHACHHANG VALUES ('KH07','Nguyen Van Tam','32/3 Tran Binh Trong, Q5, TpHCM',0916783565,'4/6/1971',12500,'12/1/2006')
INSERT INTO KHACHHANG VALUES ('KH08','Phan Thi Thanh','45/2 An Duong Vuong, Q5, TpHCM',0938435756,'1/10/1971',365000,'12/13/2006')
INSERT INTO KHACHHANG VALUES ('KH09','Le Ha Vinh','873 Le Hong Phong, Q5, TpHCM',08654763,'9/3/1979',70000,'1/14/2007')
INSERT INTO KHACHHANG VALUES ('KH10','Ha Duy Lap','34/34B Nguyen Trai, Q1, TpHCM',08768904,'5/2/1983',67500,'1/16/2007')

/*NHAP DU LIEU SANPHAM*/
INSERT INTO SANPHAM VALUES ('BC01','But chi','cay','Singapore',3000) 
INSERT INTO SANPHAM VALUES ('BC02','But chi','cay',' Singapore',5000) 
INSERT INTO SANPHAM VALUES ('BC03','But chi','cay',' Viet Nam',3500)
INSERT INTO SANPHAM VALUES ('BC04','But chi','hop','Viet Nam',30000) 
INSERT INTO SANPHAM VALUES ('BB01','But bi','cay','Viet Nam',5000) 
INSERT INTO SANPHAM VALUES ('BB02','But bi','cay','Trung Quoc',7000) 
INSERT INTO SANPHAM VALUES ('BB03','But bi','hop','Thai Lan',100000) 
INSERT INTO SANPHAM VALUES ('TV01','Tap 100 giay mong','quyen','Trung Quoc',2500) 
INSERT INTO SANPHAM VALUES ('TV02','Tap 200 giay mong','quyen','Trung Quoc',4500) 
INSERT INTO SANPHAM VALUES ('TV03','Tap 100 giay tot','quyen','Viet Nam',3000) 
INSERT INTO SANPHAM VALUES ('TV04','Tap 200 giay tot','quyen','Viet Nam',5500) 
INSERT INTO SANPHAM VALUES ('TV05','Tap 100 trang','chuc','Viet Nam',23000) 
INSERT INTO SANPHAM VALUES ('TV06','Tap 200 trang','chuc','Viet Nam',53000) 
INSERT INTO SANPHAM VALUES ('TV07','Tap 100 trang','chuc','Trung Quoc',34000) 
INSERT INTO SANPHAM VALUES ('ST01','So tay 500 trang','quyen','Trung Quoc',40000) 
INSERT INTO SANPHAM VALUES ('ST02','So tay loai 1','quyen','Viet Nam',55000) 
INSERT INTO SANPHAM VALUES ('ST03','So tay loai 2','quyen','Viet Nam',51000) 
INSERT INTO SANPHAM VALUES ('ST04','So tay','quyen','Thai Lan',55000) 
INSERT INTO SANPHAM VALUES ('ST05','So tay mong','quyen','Thai Lan',20000) 
INSERT INTO SANPHAM VALUES ('ST06','Phan viet bang','hop','Viet Nam',5000) 
INSERT INTO SANPHAM VALUES ('ST07','Phan khong bui','hop','Viet Nam',7000) 
INSERT INTO SANPHAM VALUES ('ST08','Bong bang','cai','Viet Nam',1000) 
INSERT INTO SANPHAM VALUES ('ST09','But long','cay','Viet Nam',5000) 
INSERT INTO SANPHAM VALUES ('ST10','But long','cay','Trung Quoc',7000)

/*NHAP DU LIEU HOA DON */
INSERT INTO HOADON VALUES ('1001','2006-07-23','KH01','NV01',320000)
INSERT INTO HOADON VALUES ('1002','2006-08-12','KH01','NV02',840000)
INSERT INTO HOADON VALUES ('1003','2006-08-23','KH02','NV01',100000)
INSERT INTO HOADON VALUES ('1004','2006-09-01','KH02','NV01',180000)
INSERT INTO HOADON VALUES ('1005','2006-10-20','KH01','NV02',3800000)
INSERT INTO HOADON VALUES ('1006','2006-10-16','KH01','NV03',2430000)
INSERT INTO HOADON VALUES ('1007','2006-10-28','KH03','NV03',510000)
INSERT INTO HOADON VALUES ('1008','2006-10-28','KH01','NV03',440000)
INSERT INTO HOADON VALUES ('1009','2006-10-28','KH03','NV04',200000)
INSERT INTO HOADON VALUES ('1010','2006-11-01','KH01','NV01',5200000)
INSERT INTO HOADON VALUES ('1011','2006-11-04','KH04','NV03',250000)
INSERT INTO HOADON VALUES ('1012','2006-11-30','KH05','NV03',21000)
INSERT INTO HOADON VALUES ('1013','2006-12-12','KH06','NV01',5000)
INSERT INTO HOADON VALUES ('1014','2006-12-31','KH03','NV02',3150000)
INSERT INTO HOADON VALUES ('1015','2007-01-01','KH06','NV01',910000)
INSERT INTO HOADON VALUES ('1016','2007-01-01','KH07','NV02',12500)
INSERT INTO HOADON VALUES ('1017','2007-01-02','KH08','NV03',35000)
INSERT INTO HOADON VALUES ('1018','2007-01-13','KH08','NV03',330000)
INSERT INTO HOADON VALUES ('1019','2007-01-13','KH01','NV03',30000)
INSERT INTO HOADON VALUES ('1020','2007-01-14','KH09','NV04',70000)
INSERT INTO HOADON VALUES ('1021','2007-01-16','KH10','NV03',67500)
INSERT INTO HOADON VALUES ('1022','2007-01-16',Null,'NV03',7000)
INSERT INTO HOADON VALUES ('1023','2007-01-17',Null,'NV01',330000)

/*NHAP DU LIEU CHI TIET HOA DON */
INSERT INTO CTHD VALUES (1001,'TV02',10) 
INSERT INTO CTHD VALUES (1001,'ST01',5)
INSERT INTO CTHD VALUES (1001,'BC01',5) 
INSERT INTO CTHD VALUES (1001,'BC02',10) 
INSERT INTO CTHD VALUES (1001,'ST08',10) 
INSERT INTO CTHD VALUES (1002,'BC04',20) 
INSERT INTO CTHD VALUES (1002,'BB01',20) 
INSERT INTO CTHD VALUES (1002,'BB02',20) 
INSERT INTO CTHD VALUES (1003,'BB03',10) 
INSERT INTO CTHD VALUES (1004,'TV01',20) 
INSERT INTO CTHD VALUES (1004,'TV02',10) 
INSERT INTO CTHD VALUES (1004,'TV03',10) 
INSERT INTO CTHD VALUES (1004,'TV04',10) 
INSERT INTO CTHD VALUES (1005,'TV05',50) 
INSERT INTO CTHD VALUES (1005,'TV06',50) 
INSERT INTO CTHD VALUES (1006,'TV07',20)  
INSERT INTO CTHD VALUES (1006,'ST01',30) 
INSERT INTO CTHD VALUES (1006,'ST02',10) 
INSERT INTO CTHD VALUES (1007,'ST03',10) 
INSERT INTO CTHD VALUES (1008,'ST04',8) 
INSERT INTO CTHD VALUES (1009,'ST05',10)
INSERT INTO CTHD VALUES (1010,'ST07',50)
INSERT INTO CTHD VALUES (1010,'ST08',100)
INSERT INTO CTHD VALUES (1010,'TV03',100) 
INSERT INTO CTHD VALUES (1011,'ST06',50) 
INSERT INTO CTHD VALUES (1012,'ST07',3) 
INSERT INTO CTHD VALUES (1013,'ST08',5) 
INSERT INTO CTHD VALUES (1014,'BB02',100) 
INSERT INTO CTHD VALUES (1014,'BC04',60) 
INSERT INTO CTHD VALUES (1014,'BB01',50) 
INSERT INTO CTHD VALUES (1015,'BB02',30) 
INSERT INTO CTHD VALUES (1015,'BB03',7) 
INSERT INTO CTHD VALUES (1016,'TV01',5)
INSERT INTO CTHD VALUES (1017,'TV02',1) 
INSERT INTO CTHD VALUES (1017,'TV03',1) 
INSERT INTO CTHD VALUES (1017,'TV04',5) 
INSERT INTO CTHD VALUES (1018,'ST04',6) 
INSERT INTO CTHD VALUES (1019,'ST05',1) 
INSERT INTO CTHD VALUES (1019,'ST06',2) 
INSERT INTO CTHD VALUES (1020,'ST07',10) 
INSERT INTO CTHD VALUES (1021,'ST08',5) 
INSERT INTO CTHD VALUES (1021,'TV01',7) 
INSERT INTO CTHD VALUES (1021,'TV02',10) 
INSERT INTO CTHD VALUES (1022,'ST07',1) 
INSERT INTO CTHD VALUES (1023,'ST04',6)

GO